{"cameraMode":{"drawMode":0,"name":"Shaded","section":"Shading Mode"},"sceneLighting":false,"audioPlay":false,"sceneViewState":{"m_AlwaysRefresh":false,"showFog":true,"showSkybox":false,"showFlares":true,"showImageEffects":true,"showParticleSystems":true,"showVisualEffectGraphs":true,"m_FxEnabled":true},"in2DMode":false,"pivot":{"x":2.753965377807617,"y":1.6057424545288087,"z":-0.0027799606323242189},"rotation":{"x":-0.02266288734972477,"y":0.972118079662323,"z":-0.10420823097229004,"w":-0.21039050817489625},"size":2.577418088912964,"orthographic":false}