{"cameraMode":{"drawMode":0,"name":"Shaded","section":"Shading Mode"},"sceneLighting":false,"audioPlay":false,"sceneViewState":{"m_AlwaysRefresh":false,"showFog":true,"showSkybox":false,"showFlares":true,"showImageEffects":true,"showParticleSystems":true,"showVisualEffectGraphs":true,"m_FxEnabled":true},"in2DMode":false,"pivot":{"x":0.8485055565834045,"y":0.9166706204414368,"z":5.006771087646484},"rotation":{"x":0.3311516344547272,"y":-0.21328677237033845,"z":0.07713769376277924,"w":0.9162835478782654},"size":10.072702407836914,"orthographic":false}